content,Obscene
jigaboo,1
mound of venus,1
asslover,1
s&m,1
queaf,1
whitetrash,1
meatrack,1
ra8s,1
pimp,1
urine,1
whit,1
randy,1
herpes,1
niglet,1
narcotic,1
pudboy,1
rimming,1
boner,1
pornography,1
poop chute,1
israel,1
dong,1
slanteye,1
muffdiving,1
jiggabo,1
assassination,1
peepshpw,1
popimp,1
girl on,1
testicles,1
laid,1
molestor,1
peni5,1
tranny,1
barface,1
hell,1
arsehole,1
pissed,1
sixsixsix,1
execute,1
shitty ,1
conspiracy,1
hamas,1
cunilingus,1
bitcher,1
muslim,1
pee,1
niggled,1
muffindiver,1
cocksman,1
scag,1
aroused,1
niggling,1
fingerfucker ,1
nlggor,1
niggaz,1
assfuck,1
slant,1
urinate,1
mothafucked ,1
fungus,1
retard,1
gummer,1
venus mound,1
alla,1
spaghettinigger,1
piss,1
mickeyfinn,1
fuckers,1
jizzim,1
tramp,1
quashie,1
prince albert piercing,1
hardon,1
menage a trois,1
bukkake,1
shag,1
australian,1
raped,1
buggery,1
deth,1
weenie,1
lickme,1
reverse cowgirl,1
tonguetramp,1
cum,1
copulate,1
gun,1
schlong,1
cunn,1
damnit,1
crackpipe,1
buttmuncher,1
cameltoe,1
camgirl,1
hotpussy,1
cuntfucker,1
slave,1
sluts,1
ball licking,1
hentai,1
jackshit,1
dickman,1
doo-doo,1
gook,1
crimes,1
ho,1
bomd,1
shitdick,1
slapper,1
urinary,1
tantra,1
nookie,1
fuckedup,1
gubba,1
niggur,1
cybersex,1
dicklicker,1
cunillingus,1
hitlerism,1
butt,1
triplex,1
busty,1
dicklick,1
kunilingus,1
asian,1
tonguethrust,1
fistfucking ,1
assmonkey,1
criminal,1
cockknob,1
koon,1
children's,1
shat,1
footfucker,1
blonde action,1
spitter,1
weapon,1
dive,1
cumm,1
cuntlicking ,1
sexy-slim,1
lemon party,1
vibrater,1
upskirt,1
jijjiboo,1
fuckfriend,1
pthc,1
mothafucka,1
sniggered,1
buttfuckers,1
nutfucker,1
peehole,1
taboo,1
erection,1
nudity,1
bast,1
lesbayn,1
hummer,1
shortfuck,1
cherrypopper,1
adult,1
palestinian,1
pussylips,1
nooner,1
how to kill,1
blumpkin,1
stiffy,1
piss pig,1
beastiality,1
latin,1
butchbabes,1
spunk,1
gross,1
xx,1
crackwhore,1
butt-fuckers,1
kraut,1
pooping,1
style doggy,1
lactate,1
fecal,1
rusty trombone,1
wrinkled starfish,1
spigotty,1
dink,1
clogwog,1
whitey,1
dies,1
radical,1
slaughter,1
bollick,1
sodomite,1
balls,1
nimphomania,1
ball gag,1
poof,1
muff diver,1
jail bait,1
beaver,1
asspirate,1
bareback,1
pimpjuice,1
ballsack,1
bi-sexual,1
torture,1
limey,1
nookey,1
breastman,1
loser,1
kills,1
lesbo,1
beatyourmeat,1
lovemaking,1
munt,1
clitoris,1
fornicate,1
wet dream,1
double penetration,1
missionary position,1
bugger,1
lovejuice,1
date rape,1
eatballs,1
handjob,1
nlgger,1
dixiedyke,1
junglebunny,1
sonofabitch,1
goddamned,1
deep throat,1
jism,1
assclown,1
shitforbrains,1
screwyou,1
ethiopian,1
nastyslut,1
gang bang,1
lubejob,1
tied up,1
make me come,1
rimjob,1
sexfarm,1
tight white,1
lezbe,1
lezbo,1
tribadism,1
butt-bang,1
asskiss,1
sadism,1
biteme,1
angie,1
abortion,1
murderer,1
motherfucker,1
sextoy,1
2g1c,1
doggy style,1
cunntt,1
cooly,1
ball sack,1
sodom,1
slideitin,1
fudge packer,1
fatfuck,1
god,1
gipp,1
communist,1
felatio ,1
libido,1
xtc,1
cuntfuck,1
niggardly,1
fuckface,1
faggot,1
protestant,1
trailertrash,1
headfuck,1
shav,1
dickweed,1
refugee,1
trannie,1
giant cock,1
sexhound,1
slut,1
dead,1
titlover,1
wank,1
moslem,1
krappy,1
black cock,1
idiot,1
tortur,1
erotic,1
donkey punch,1
dirty pillows,1
cockcowboy,1
sucker,1
cocktail,1
doom,1
hymen,1
vibr,1
terrorist,1
mufflikcer,1
phonesex,1
teste,1
pisshead,1
slime,1
brea5t,1
tea bagging,1
slutt,1
cumbubble,1
blackout,1
hijacking,1
premature,1
sextogo,1
arse,1
racist,1
jimfish,1
flydye,1
juggs,1
jade,1
wigger,1
niggard's,1
jigg,1
dumb,1
devilworshipper,1
firing,1
gatorbait,1
murder,1
chinese,1
fastfuck,1
spik,1
nuke,1
bastinado,1
kondum,1
pansy,1
destroy,1
ikey,1
women rapping,1
titfucker,1
crime,1
swinger,1
shitola,1
killer,1
fart,1
booby,1
pimpsimp,1
coon,1
strap on,1
zigabo,1
faith,1
bisexual,1
gangsta,1
teat,1
boobies,1
kafir,1
dp action,1
jugs,1
husky,1
homoerotic,1
twinkie,1
spooge,1
kink,1
sleezebag,1
gay,1
homo,1
slutwhore,1
dickless,1
cumfest,1
israeli,1
fuk,1
niggardliness,1
nigr,1
goddamit,1
sandnigger,1
dope,1
insest,1
foreskin,1
acrotomophilia,1
dumbbitch,1
fuckmonkey,1
pubiclice,1
cyberslimer,1
titfuck,1
cummer,1
kumquat,1
one guy one jar,1
fire,1
sexo,1
carruth,1
cocktease,1
trisexual,1
pric,1
rabbi,1
gypp,1
cunnilingus,1
dipshit,1
welfare,1
arabs,1
transvestite,1
tnt,1
penile,1
mothafuckings,1
peckerwood,1
enemy,1
negroid,1
genital,1
gangbanger,1
queef,1
strapon,1
thicklips,1
female squirting,1
flydie,1
crabs,1
christ,1
ejaculate,1
carpet muncher,1
lucifer,1
butchdyke,1
vatican,1
skumbag,1
horseshit,1
eunuch,1
dickforbrains,1
bondage,1
kumbullbe,1
crack,1
niggerhole,1
niggard,1
rosy palm,1
assranger,1
beat-off,1
bastard ,1
asspuppies,1
jiggerboo,1
cuntlick ,1
pommie,1
doggie style,1
lezz,1
jesuschrist,1
nazi,1
feltch,1
chode,1
pleasure chest,1
wetback,1
zipperhead,1
necro,1
goddamnmuthafucker,1
whiskeydick,1
slopy,1
executioner,1
colored,1
ethnic,1
turnon,1
hole,1
nofuckingway,1
mastrabator,1
jack off,1
orgies,1
pisses ,1
blow j,1
criminals,1
cockqueen,1
tosser,1
snownigger,1
holestuffer,1
dipstick,1
mofo,1
nipplering,1
minority,1
italiano,1
palesimian,1
poo,1
horn,1
rape,1
genitals,1
conservative,1
jebus,1
bullcrap,1
dick,1
cumqueen,1
spread legs,1
cancer,1
kaffir,1
mocky,1
suckmytit,1
vorarephilia,1
naked,1
shited,1
nigg,1
spermhearder,1
whore,1
african,1
disease,1
lovebone,1
spreadeagle,1
coprolagnia,1
humping,1
suicide girls,1
bong,1
pole smoker,1
shrimping,1
gin,1
purinapricness,1
sexslave,1
big knockers,1
iblowu,1
pissin ,1
skank,1
lotion,1
asshole,1
easyslut,1
mothafucker,1
whiz,1
lsd,1
cocksucked ,1
hosejob,1
wanker,1
cumjockey,1
eat my ass,1
lovegoo,1
whites,1
propaganda,1
sexwhore,1
cunt,1
welcher,1
how to murder,1
scum,1
phuked,1
suckoff,1
shithapens,1
drug,1
auto erotic,1
sultry women,1
barenaked,1
wetspot,1
sixtynine,1
wrapping men,1
buttplug,1
jiggy,1
alligatorbait,1
flange,1
shitfit,1
dirty,1
huge fat,1
bulldyke,1
orgasm,1
bumfuck,1
deposit,1
big breasts,1
sexual,1
japanese,1
suckmyass,1
church,1
goyim,1
bohunk,1
bigass,1
fannyfucker,1
gaymuthafuckinwhore,1
babies,1
girls,1
turd,1
fuck buttons,1
fagging,1
pisser,1
sandm,1
wog,1
escort,1
octopussy,1
tinkle,1
snigger,1
groe,1
vibrator,1
dix,1
swalow,1
chin,1
niggles,1
asslicker,1
molester,1
backseat,1
geez,1
seppo,1
sexually,1
boong,1
voyeur,1
butthole,1
hoser,1
fore,1
asswhore,1
cocaine,1
skanky,1
european,1
mothafuck,1
titlicker,1
buttstain,1
penises,1
spermacide,1
mexican,1
skankybitch,1
white power,1
puddboy,1
coondog,1
stripclub,1
mockie,1
american,1
jesus,1
tushy,1
kumbubble,1
milf,1
mormon,1
ontherag,1
henhouse,1
slutty,1
big black,1
dego,1
daterape,1
phukked,1
cuntlicker ,1
failed,1
lezbefriends,1
pissing,1
bitchy,1
pohm,1
kigger,1
nastywhore,1
bangbros,1
upthebutt,1
cohee,1
fistfuck,1
fuckingbitch,1
shibari,1
cigs,1
jiggaboo,1
japcrap,1
raper,1
jackass,1
orgasim ,1
sexed,1
jackoff,1
baby batter,1
toilet,1
tampon,1
uk,1
porn,1
snowballing,1
goldenshower,1
titties,1
towelhead,1
titjob,1
abo,1
molestation,1
fok,1
crapola,1
foursome,1
suicide,1
scrotum,1
cumming,1
niggerhead,1
pussie,1
abuse,1
analannie,1
cocksucking,1
breastjob,1
blonde on blonde action,1
paedophile,1
kumming,1
reestie,1
suckme,1
willie,1
shhit,1
titbitnipply,1
hot chick,1
skankwhore,1
fudgepacker,1
dragqueen,1
deapthroat,1
barelylegal,1
circlejerk,1
shinola,1
hookers,1
flatulence,1
scat,1
damn,1
mafia,1
anus,1
gokkun,1
argie,1
buttpirate,1
goregasm,1
fagot,1
fuks,1
redneck,1
jiga,1
cockhead,1
freakfuck,1
2 girls 1 cup,1
crotchjockey,1
dripdick,1
die,1
fuckina,1
orgy,1
phungky,1
beaver cleaver,1
sexy,1
darky,1
magicwand,1
screw,1
dominatrix,1
butt-fucker,1
neonazi,1
fuckpig,1
manpaste,1
molest,1
whiskydick,1
lez,1
darkie,1
rearend,1
niggardliness's,1
trojan,1
smack,1
lapdance,1
brunette action,1
hindoo,1
fourtwenty,1
deepthroat,1
moles,1
hebe,1
pommy,1
fuckher,1
stringer,1
one cup two girls,1
peck,1
backdoorman,1
male squirting,1
shiting,1
clamdiver,1
fairy,1
pussylicker,1
slav,1
nigre,1
robber,1
horny,1
penetration,1
phuking,1
cigarette,1
dyefly,1
playboy,1
golden shower,1
cumshot,1
chinamen,1
pickaninny,1
diddle,1
fatah,1
bombers,1
suckdick,1
bigbastard,1
pube,1
mosshead,1
pornking,1
terror,1
pimper,1
fuckbuddy,1
period,1
catholics,1
pistol,1
g-spot,1
doodoo,1
mockey,1
funeral,1
prickhead,1
whop,1
allah,1
pussyeater,1
cocksmith,1
executed,1
barely legal,1
niggarding,1
swastika,1
buried,1
pocho,1
nip,1
weewee,1
whiskey,1
beast,1
phone sex,1
muncher,1
fuckhead,1
smackthemonkey,1
badfuck,1
harem,1
nigerians,1
bastardo,1
shooting,1
pissoff ,1
fistfucked ,1
ginzo,1
mattressprincess,1
primetime,1
undressing,1
fuckable,1
puss,1
bbw,1
damnation,1
jeez,1
stroking,1
leather restraint,1
yankee,1
piky,1
beastality,1
cocksucer,1
goddamn,1
poopchute,1
shitfaced,1
dickhead,1
gangbanged ,1
masterbate,1
pikey,1
rosy palm and her 5 sisters,1
doggiestyle,1
bitches,1
desire,1
pansies,1
dickbrain,1
sissy,1
felch,1
penis,1
horney,1
buttmunch,1
baptist,1
assassin,1
fingering,1
cock,1
osama,1
mothafucking ,1
republican,1
wetb,1
freefuck,1
rere,1
goatse,1
transexual,1
bunghole,1
assholes,1
butt-fuck,1
nig nog,1
snowback,1
sniper,1
gangbang,1
cockfight,1
death,1
mggor,1
skankbitch,1
goy,1
twat,1
masturbate,1
usama,1
babeland,1
dickwad,1
cornhole,1
nigra,1
fuckinright,1
blue waffle,1
clit,1
niggle,1
timbernigger,1
picaninny,1
whorefucker,1
yellowman,1
ass,1
ero,1
dommes,1
nig,1
lolita,1
grostulation,1
dixiedike,1
shitfucker,1
hymie,1
sheeney,1
asswipe,1
crash,1
vomit,1
died,1
femdom,1
cameljockey,1
footfuck,1
sonofbitch,1
cleveland steamer,1
dahmer,1
feltcher,1
bitch,1
fingerfuckers,1
buttface,1
evl,1
dammit,1
lovepistol,1
twink,1
shitting,1
blind,1
reefer,1
beaver lips,1
motherlovebone,1
panties,1
fucka,1
fatass,1
lugan,1
devil,1
pornflick,1
russkie,1
fight,1
thirdleg,1
hore,1
jerk off,1
negroes,1
moron,1
shaved beaver,1
gonzagas,1
drunken,1
blackman,1
asskisser,1
crotchrot,1
motherfuckin,1
lezzo,1
fondle,1
slopey,1
clusterfuck,1
fister,1
skankfuck,1
condom,1
kill,1
taff,1
shithouse,1
cockblock,1
hoes,1
horniest,1
kunt,1
facefucker,1
assmuncher,1
bollock,1
smut,1
stupidfuck,1
assmunch,1
prostitute,1
payo,1
poorwhitetrash,1
honkey,1
farting ,1
getiton,1
bulldike,1
raping,1
arab,1
moky,1
futanari,1
nigger,1
illegal,1
hardcore,1
skinflute,1
throating,1
asspacker,1
leather straight jacket,1
raghead,1
crotch,1
goo girl,1
knobbing,1
buttman,1
glazeddonut,1
urethra play,1
africa,1
fairies,1
fuckmehard,1
shaved pussy,1
bitchin,1
fu,1
cocks,1
fucker,1
gyppie,1
kinkster,1
penthouse,1
biatch,1
wop,1
erect,1
fag,1
fuck,1
shitfull,1
vaginal,1
fraud,1
color,1
flasher,1
filipino,1
sexpot,1
sexymoma,1
boonie,1
puke,1
buttcheeks,1
cacker,1
bdsm,1
shemale,1
porchmonkey,1
violet blue,1
eatme,1
looser,1
virgin,1
assbagger,1
limy,1
negro's,1
lesbian,1
hustler,1
cunteyed,1
tarbaby,1
nipples,1
dumbfuck,1
backdoor,1
wuzzie,1
sadom,1
threeway,1
pimpjuic,1
chinaman,1
brown showers,1
pubes,1
masturbating,1
bollocks,1
bunga,1
sodomize,1
goddammit,1
footstar,1
goatcx,1
chink,1
butthead,1
liquor,1
spermbag,1
jailbait,1
beatoff,1
incest,1
vagina,1
urophilia,1
niggarded,1
kaffer,1
rearentry,1
motherfucking,1
spic,1
areola,1
harder,1
greaseball,1
loverocket,1
asshore,1
perv,1
fingerfood,1
muff,1
shaggin,1
commie,1
hitler,1
burn,1
honky,1
tongue,1
fubar,1
oral,1
dildo,1
abbo,1
sniggering,1
bomb,1
omorashi,1
pedophile,1
spig,1
freakyfucker,1
swallower,1
birdlock,1
bigbutt,1
nastyho,1
goddamnes,1
pooperscooper,1
bi,1
sucks,1
jizz,1
nambla,1
puntang,1
gay sex,1
bootycall,1
reject,1
enema,1
sob,1
spankthemonkey,1
buggered,1
jewish,1
wuss,1
asslick,1
bitching,1
strip club,1
gringo,1
pendy,1
tard,1
boody,1
chocolate rosebuds,1
buttfuck,1
domination,1
faeces,1
splittail,1
clamdigger,1
shitlist,1
double dong,1
niggor,1
motherfucked,1
slimeball,1
pusy,1
pedobear,1
excrement,1
goddamnit,1
stagg,1
hijack,1
sexkitten,1
hook,1
coolie,1
phuq,1
servant,1
gyppo,1
slopehead,1
pud,1
fingerfuck ,1
dumbass,1
williewanker,1
fisting,1
crapper,1
sixtyniner,1
fetish,1
two girls one cup,1
threesome,1
bitchez,1
manhater,1
pudd,1
nympho,1
mothafuckin,1
shitted,1
hitlerist,1
semen,1
pi55,1
yaoi,1
scissoring,1
sodomise,1
ky,1
big tits,1
muffdiver,1
farty ,1
nsfw images,1
ecchi,1
dirty sanchez,1
mooncricket,1
shite,1
boom,1
asshat,1
fat,1
intercourse,1
chav,1
intheass,1
jacktheripper,1
felcher,1
spaghettibender,1
angry,1
gaysex ,1
willy,1
addict,1
russki,1
slimebucket,1
bogan,1
goodpoop,1
fuckme ,1
shitcan,1
brothel,1
rentafuck,1
footjob,1
sick,1
shitoutofluck,1
paki,1
rump,1
licker,1
nigerian,1
pindick,1
cockrider,1
felching,1
geezer,1
balllicker,1
ponyplay,1
fuckoff,1
jizzum,1
sadis,1
hodgie,1
fatfucker,1
poop,1
tits,1
bicurious,1
bombs,1
hork,1
mr hands,1
bi curious,1
sooty,1
liberal,1
prick,1
clover clamps,1
spunky,1
nymphomania,1
playgirl,1
vietcong,1
yellow showers,1
xxx,1
pecker,1
bitchslap,1
demon,1
crap,1
jihad,1
assjockey,1
macaca,1
kums,1
kinky,1
pooper,1
homicide,1
fuuck,1
poon,1
fear,1
shitfuck,1
tittie,1
wanking,1
girl on top,1
fistfucker ,1
zoophilia,1
farted ,1
nigglings,1
hiscock,1
tang,1
erotism,1
floo,1
honger,1
meth,1
beaner,1
kummer,1
wn,1
geni,1
whash,1
fuckinnuts,1
fuckin,1
tainted love,1
dyke,1
kotex,1
suck,1
poverty,1
butchdike,1
datnigga,1
uterus,1
execution,1
trots,1
luckycammeltoe,1
roach,1
swallow,1
motherfuck,1
blow,1
ball gravy,1
slutwear,1
panti,1
kissass,1
shawtypimp,1
muffdive,1
mulatto,1
noonan,1
wab,1
banging,1
tunneloflove,1
doggystyle,1
fuckwhore,1
rapist,1
homobangers,1
porno,1
barfface,1
sex,1
syphilis,1
pearlnecklace,1
sleezeball,1
sextoys,1
assman,1
german,1
shagging,1
anilingus,1
stupidfucker,1
loadedgun,1
beastial,1
shithead,1
asses,1
pussylover,1
niggah,1
gotohell,1
jigga,1
remains,1
frotting,1
thirdeye,1
fuckknob,1
inthebuff,1
nawashi,1
roundeye,1
retarded,1
mastabate,1
disturbed,1
kunnilingus,1
bung hole,1
pee-pee,1
camwhore,1
satan,1
lowlife,1
tubgirl,1
fucks,1
diseases,1
blow your l,1
krap,1
addicts,1
snatchpatch,1
bra,1
poontang,1
snatch,1
pussypounder,1
shit,1
knife,1
pu55i,1
footaction,1
footlicker,1
bimbos,1
mothafuckaz,1
pussycat,1
fucking,1
funfuck,1
piece of shit,1
boang,1
nipple,1
fuckit,1
shoot,1
quim,1
booty call,1
slutting,1
coitus,1
tit,1
spermherder,1
raging boner,1
buttfucker,1
quickie,1
grope,1
skum,1
rectum,1
kanake,1
soviet,1
lies,1
honkers,1
chinky,1
dingleberry,1
shota,1
hillbillies,1
godammit,1
fugly,1
nasty,1
ejaculation,1
waysted,1
carpetmuncher,1
nastybitch,1
camel toe,1
strappado,1
jew,1
limpdick,1
heroin,1
panty,1
polack,1
pornprincess,1
gonorrehea,1
meatbeatter,1
crotchmonkey,1
topless,1
shithappens,1
foot fetish,1
canadian,1
amateur,1
uck,1
whitenigger,1
niger,1
bigger,1
squaw,1
hand job,1
buttbang,1
titty,1
gypo,1
defecate,1
kock,1
niggaracci,1
pussyfucker,1
corruption,1
girls gone wild,1
boobs,1
ejaculated,1
shitface,1
autoerotic,1
creamy,1
bible,1
fckcum,1
knockers,1
fucck,1
whorehouse,1
cocksmoker,1
queer,1
cocklover,1
assblaster,1
bombing,1
hooters,1
forni,1
kike,1
hapa,1
bazooms,1
vulva,1
failure,1
racial,1
fuckfreak,1
snot,1
cuntsucker,1
fingerfucked ,1
scallywag,1
pixy,1
kkk,1
mastabater,1
byatch,1
whigger,1
sos,1
pussy,1
group sex,1
attack,1
fucktard,1
nook,1
marijuana,1
filipina,1
asscowboy,1
fatso,1
spit,1
bazongas,1
chickslick,1
joint,1
niggards,1
cockblocker,1
gob,1
lingerie,1
anal,1
headlights,1
dike,1
pegging,1
kaffre,1
taste my,1
crack-whore,1
lynch,1
tub girl,1
bullshit,1
explosion,1
black,1
homosexual,1
fucked,1
showtime,1
lesbin,1
kid,1
fellatio,1
nudger,1
women's,1
boonga,1
choad,1
assault,1
cra5h,1
tuckahoe,1
fingerfucking ,1
hijacker,1
athletesfoot,1
pom,1
livesex,1
hostage,1
cocknob,1
nude,1
hard core,1
fuckbag,1
hobo,1
itch,1
gyp,1
kyke,1
pros,1
stupid,1
radicals,1
figging,1
fuckfest,1
hottotrot,1
kinbaku,1
sexhouse,1
violet wand,1
analsex,1
nigga,1
nittit,1
jiz ,1
suckmydick,1
pussies,1
hotdamn,1
assfucker,1
jizim,1
pixie,1
kum,1
cemetery,1
rigger,1
ethical slut,1
dolcett,1
ejaculating ,1
babe,1
cumquat,1
eatpussy,1
phuk,1
givehead,1
drunk,1
phukking,1
shiteater,1
catholic,1
hooker,1
cocksuck ,1
cocksucker,1
ball kicking,1
fuckyou,1
crappy,1
feltching,1
mideast,1
ecstacy,1
ribbed,1
dog style,1
interracial,1
tongue in a,1
pocha,1
skankywhore,1
pu55y,1
motherfuckings,1
piker,1
peepshow,1
jap,1
yiffy,1
tongethruster,1
nigger's,1
breastlover,1
stroke,1
twobitwhore,1
shits,1
israel's,1
jerkoff,1
bullet vibe,1
assassinate,1
killed,1
pocketpool,1
whacker,1
wtf,1
barf,1
juggalo,1
negro,1
spick,1
gyppy,1
nymph,1
snigger's,1
violence,1
lovemuscle,1
dago,1
feces,1
booty,1
niggers,1
shitter,1
sodomy,1
hussy,1
pisspig,1
coprophilia,1
christian,1
pimped,1
boob,1
breast,1
sperm,1
coloured,1
redlight,1
blacks,1
orga,1
bumblefuck,1
mams,1
slavedriver,1
killing,1
uptheass,1
bestial,1
sweetness,1
heeb,1
piccaninny,1
pot,1
honk,1
jizjuice,1
fuc,1
nignog,1
mgger,1
sexing,1
virginbreaker,1
samckdaddy,1
masterblaster,1
heterosexual,1
jigger ,1
blowjob,1
lovegun,1
shitstain,1
spank,1
hiv,1
lesbain,1
mad,1
sniggers,1
jizm ,1
testicle,1
ball sucking,1
dragqween,1
guro,1
pubic,1
titfuckin,1
moneyshot,1
camslut,1
bountybar,1
assklown,1
cocky,1
transsexual,1
unfuckable,1
bestiality,1
cocklicker,1
dykes,1
faggot,1
faggots,1
fags,1
homo,1
inbred,1
nigger,1
niggers,1
blacks,1
raped,1
savages,1
slave,1
ngram,1
allah akbar,1
a nigger,1
all niggers,1
always fuck,1
ass white,1
be killed,1
beat him,1
biggest faggot,1
blame the,1
butt ugly,1
chink eyed,1
chinks in,1
coon shit,1
dumb monkey,1
dumb nigger,1
faggot a,1
faggot and,1
faggot ass,1
faggot bitch,1
faggot for,1
faggot smh,1
faggot that,1
faggots and,1
faggots like,1
faggots usually,1
fuckin faggot,1
fucking faggot,1
fucking gay,1
fucking hate,1
fucking nigger,1
fucking queer,1
gay ass,1
get raped,1
hate faggots,1
here faggot,1
little faggot,1
many niggers,1
me faggot,1
nigga ask,1
niggas like,1
nigger ass,1
nigger is,1
nigger music,1
niggers are,1
of fags,1
of white,1
raped and,1
raped by,1
sand nigger,1
savages that,1
shorty bitch,1
spear chucker,1
spic cop,1
stupid nigger,1
that fag,1
that faggot,1
that nigger,1
the faggots,1
the female,1
the niggers,1
their heads,1
them white,1
then faggot,1
this nigger,1
to rape,1
trailer park,1
u fuckin,1
ugly dyke,1
up nigger,1
white ass,1
with niggas,1
you fag,1
you nigger,1
you niggers,1
your nigger,1
a bitch made,1
a faggot and,1
a faggot for,1
a fucking queer,1
a nigga ask,1
all these fucking,1
be killed for,1
bitch made nigga,1
faggots like you,1
faggots usually have,1
fuck outta here,1
fuck u talking,1
fuck you too,1
fucking hate you,1
him a nigga,1
his shorty bitch,1
how many niggers,1
like a faggot,1
is a faggot,1
is a fuckin,1
is a fucking,1
is a nigger,1
many niggers are,1
nigga and his,1
niggers are in,1
shut up nigger,1
still a faggot,1
the biggest faggot,1
the faggots who,1
the fuck do,1
what a fag,1
white bitch in,1
you a fag,1
you a lame,1
you a nigger,1
you fuck wit,1
you fucking faggot,1
your a cunt,1
your a dirty,1
your bitch in,1
a bitch made nigga,1
a lame nigga you,1
faggot if you ever,1
how many niggers are,1
lame nigga you a,1
many niggers are in,1
nigga you a lame,1
niggers are in my,1
wit a lame nigga,1
you a lame bitch,1
you fuck wit a,1
dick,1
dicks,1
fucked,1
fucking,1
bullshit,1
fuck,1
shit,1
fuck,1
dicks,1
fuck,1
dick,1
dicks,1
motherfucker,1
dick,1
pussy,1
fucks,1
fuck,1
fucking,1
hell,1
fucking,1
fucking,1
dick,1
jap,1
fuck,1
shit,1
fucking,1
fucking,1
fucking,1
motherfucker,1
motherfucker,1
shit,1
shit,1
fucking,1
dick,1
fucking,1
fucking,1
fucking,1
fucking,1
bullshit,1
fuck,1
fucked,1
fucks,1
bullshit,1
fucking,1
fucking,1
bastard,1
goddamn,1
goddamn,1
shit,1
fucking,1
shit,1
fucking,1
shit,1
goddamn,1
fucking,1
fucking,1
fucking,1
fucking,1
fucking,1
fucking,1
fucking,1
fucking,1
fuck,1
fucking,1
fucking,1
fucking,1
fucking,1
shit,1
fuck,1
fuck,1
fucking,1
fucked,1
fucked,1
fucked,1
fuck,1
motherfuckers,1
fucking,1
fuck,1
fucking,1
fucking,1
fuck,1
fucking,1
fucking,1
fucking,1
shit,1
fucking,1
fuck,1
fuck,1
fuck,1
fucking,1
asshole,1
fuck,1
fucking,1
fuck,1
fucking,1
fuck,1
hell,1
hell,1
bitch,1
fucking,1
ass,1
ass,1
fuckup,1
shit,1
fuck,1
bastard,1
fuck,1
fuck,1
fucking,1
ass,1
bitch,1
fucking,1
n-word ,1
ass,1
fucking,1
bitch,1
bitch,1
shit,1
fuck,1
motherfucker,1
fucker,1
shitty,1
asshead,1
fucking,1
fucking,1
shit,1
fuck,1
fuck,1
fucking,1
bastard,1
fuck,1
fucking,1
fucking,1
fucking,1
fuck,1
fuck,1
fucking,1
fucking,1
pussy,1
fucking,1
motherfucker,1
ass,1
goddamn,1
fucking,1
motherfucker,1
ass,1
motherfucker,1
fucking,1
fucking,1
fuck,1
shit,1
bitch,1
shit,1
ass,1
fucking,1
fucking,1
fucking,1
motherfucker,1
shit,1
fucking,1
ass,1
fucking,1
fucking,1
fuck,1
fucking,1
fucking,1
asshole,1
fucking,1
fucking,1
bitch,1
fucking,1
fucking,1
shit,1
shit,1
bitch,1
shit,1
motherfucker,1
pussy,1
shit,1
fucking,1
fucking,1
bitch,1
shit,1
bitch,1
fuck,1
fuck,1
bitch,1
fuck,1
fuck,1
fucking,1
fucking,1
fucking,1
fucking,1
fucking,1
fucking,1
hell,1
bullshit,1
hell,1
fuck,1
shit,1
fucking,1
fucking,1
shit,1
cocksucker,1
fucking,1
fucking,1
fucking,1
fucking,1
fucking,1
fucking,1
goddamn,1
fucking,1
fuck,1
fuck,1
fucking,1
wetback,1
fuck,1
fucking,1
motherfucking,1
fucking,1
shit,1
fuck,1
goddamn,1
fucking,1
shit,1
fucking,1
motherfucking,1
fucking,1
n-word ,1
shit,1
motherfucker,1
shit,1
ass,1
motherfucker,1
fucking,1
fucking,1
fucking,1
fucking,1
shit,1
motherfucker,1
shit,1
motherfucker,1
motherfucker,1
dickless,1
shit,1
fucked,1
fucking,1
asshole,1
fucker,1
chickenshit,1
fucking,1
fuck,1
fuck,1
hell,1
hell,1
goddamn,1
fucking,1
fucking,1
bullshit,1
fuck,1
goddamn,1
goddamn,1
goddamn,1
fucking,1
fuck,1
fuck,1
fuck,1
fucking,1
fuck,1
fuck,1
goddamn,1
fucking,1
assholes,1
fucking,1
asshole,1
fucking,1
fucking,1
fucking,1
fucked,1
fucking,1
fucking,1
fucking,1
fucked,1
fucking,1
hell,1
fucking,1
shit,1
fuck,1
fucking,1
fucked,1
bitch,1
fucked,1
bitch,1
fucking,1
fucking,1
shit,1
shit,1
goddamn,1
fuck,1
hell,1
fucking,1
fuck,1
fuck,1
fucking,1
bitch,1
fuck,1
fucking,1
fucking,1
fuck,1
fucking,1
fucking,1
fucking,1
fuck,1
bitch,1
fucking,1
fucking,1
fucking,1
hell,1
gooks,1
damned,1
slope,1
ass,1
ass,1
ass,1
ass,1
ass,1
goddamn,1
motherfucker,1
fuckhead,1
merde,1
fucking,1
fuck,1
fuck,1
fucking,1
shit,1
fucking,1
fuck,1
fuck,1
fuck,1
fuck,1
motherfucker,1
fuck,1
fucking,1
fucking,1
fuck,1
shit,1
fucking,1
fucking,1
motherfucker,1
fucking,1
shit,1
motherfucking,1
goddamn,1
n-word ,1
n-word ,1
goddamn,1
goddamn,1
fucker,1
motherfucker,1
motherfucker,1
fuck,1
fuck,1
fuck,1
fucking,1
shit,1
motherfucking,1
fucking,1
shit,1
fucking,1
shit,1
shit,1
fucking,1
fucking,1
n-word ,1
shit,1
fucking,1
fuck,1
ass,1
motherfucker,1
fucking,1
n-word ,1
dicks,1
shit,1
ass,1
goddamn,1
shit,1
goddamn,1
fucking,1
fuck,1
fuck,1
damn,1
goddamn,1
motherfucker,1
fucking,1
shit,1
fucking,1
fucking,1
fucking,1
fucking,1
motherfuckers,1
shit,1
motherfucking,1
shit,1
shit,1
shit,1
fucking,1
shit,1
fucking,1
fuck,1
shit,1
fucking,1
fucking,1
shit,1
fuck,1
fucking,1
motherfuckers,1
fuck,1
fucking,1
fuck,1
fuck,1
fucking,1
fucking,1
fucking,1
fuck,1
fucking,1
fucking,1
fucking,1
fuck,1
fucking,1
fuck,1
fucking,1
fucking,1
fucking,1
fucking,1
fucking,1
fuck,1
shit,1
fucking,1
fuck,1
goddamn,1
fucking,1
goddamn,1
bitch,1
bitch,1
bitch,1
fucking,1
bitch,1
fucking,1
bitch,1
motherfuckers,1
motherfuckers,1
asses,1
ass,1
damn,1
bitch,1
pussy,1
pussy,1
ass,1
goddamn,1
fucking,1
bastards,1
fucker,1
ass,1
goddamn,1
japs,1
goddamn,1
fucked,1
horeshit,1
shit,1
bitch,1
fucking,1
bitch,1
fucking,1
fuck,1
fucking,1
fucking,1
shit,1
pussy,1
pussy,1
fucking,1
goddamn,1
fuck,1
shit,1
ass,1
fuck,1
fucking,1
bitch,1
fucking,1
bullshit,1
shitless,1
fucking,1
shit,1
fucking,1
assholes,1
fucking,1
bastard,1
bastard,1
cunt,1
damn,1
fuck,1
ass,1
negro ,1
shit,1
hell,1
negro ,1
negro ,1
negro ,1
fuck,1
goddamn,1
fucking,1
squaw,1
ass,1
negro ,1
slut,1
fucking,1
shit,1
fucking,1
shit,1
goddamn,1
shit,1
goddamn,1
shit,1
fucking,1
fucking,1
fucking,1
fuck,1
bitches,1
fuck,1
bitch,1
goddamn,1
bitches,1
bitches,1
damn,1
goddamn,1
jackass,1
horseshit,1
ass,1
goddamn,1
bitch,1
fuck,1
fuck,1
ass,1
fucking,1
abound,0
abounds,0
abundance,0
abundant,0
accessable,0
accessible,0
acclaim,0
acclaimed,0
acclamation,0
accolade,0
accolades,0
accommodative,0
accomodative,0
accomplish,0
accomplished,0
accomplishment,0
accomplishments,0
accurate,0
accurately,0
achievable,0
achievement,0
achievements,0
achievible,0
acumen,0
adaptable,0
adaptive,0
adequate,0
adjustable,0
admirable,0
admirably,0
admiration,0
admire,0
admirer,0
admiring,0
admiringly,0
adorable,0
adore,0
adored,0
adorer,0
adoring,0
adoringly,0
adroit,0
adroitly,0
adulate,0
adulation,0
adulatory,0
advanced,0
advantage,0
advantageous,0
advantageously,0
advantages,0
adventuresome,0
adventurous,0
advocate,0
advocated,0
advocates,0
affability,0
affable,0
affably,0
affectation,0
affection,0
affectionate,0
affinity,0
affirm,0
affirmation,0
affirmative,0
affluence,0
affluent,0
afford,0
affordable,0
affordably,0
afordable,0
agile,0
agilely,0
agility,0
agreeable,0
agreeableness,0
agreeably,0
all-around,0
alluring,0
alluringly,0
altruistic,0
altruistically,0
amaze,0
amazed,0
amazement,0
amazes,0
amazing,0
amazingly,0
ambitious,0
ambitiously,0
ameliorate,0
amenable,0
amenity,0
amiability,0
amiabily,0
amiable,0
amicability,0
amicable,0
amicably,0
amity,0
ample,0
amply,0
amuse,0
amusing,0
amusingly,0
angel,0
angelic,0
apotheosis,0
appeal,0
appealing,0
applaud,0
appreciable,0
appreciate,0
appreciated,0
appreciates,0
appreciative,0
appreciatively,0
appropriate,0
approval,0
approve,0
ardent,0
ardently,0
ardor,0
articulate,0
aspiration,0
aspirations,0
aspire,0
assurance,0
assurances,0
assure,0
assuredly,0
assuring,0
astonish,0
astonished,0
astonishing,0
astonishingly,0
astonishment,0
astound,0
astounded,0
astounding,0
astoundingly,0
astutely,0
attentive,0
attraction,0
attractive,0
attractively,0
attune,0
audible,0
audibly,0
auspicious,0
authentic,0
authoritative,0
autonomous,0
available,0
aver,0
avid,0
avidly,0
award,0
awarded,0
awards,0
awe,0
awed,0
awesome,0
awesomely,0
awesomeness,0
awestruck,0
awsome,0
backbone,0
balanced,0
bargain,0
beauteous,0
beautiful,0
beautifullly,0
beautifully,0
beautify,0
beauty,0
beckon,0
beckoned,0
beckoning,0
beckons,0
believable,0
believeable,0
beloved,0
benefactor,0
beneficent,0
beneficial,0
beneficially,0
beneficiary,0
benefit,0
benefits,0
benevolence,0
benevolent,0
benifits,0
best,0
best-known,0
best-performing,0
best-selling,0
better,0
better-known,0
better-than-expected,0
beutifully,0
blameless,0
bless,0
blessing,0
bliss,0
blissful,0
blissfully,0
blithe,0
blockbuster,0
bloom,0
blossom,0
bolster,0
bonny,0
bonus,0
bonuses,0
boom,0
booming,0
boost,0
boundless,0
bountiful,0
brainiest,0
brainy,0
brand-new,0
brave,0
bravery,0
bravo,0
breakthrough,0
breakthroughs,0
breathlessness,0
breathtaking,0
breathtakingly,0
breeze,0
bright,0
brighten,0
brighter,0
brightest,0
brilliance,0
brilliances,0
brilliant,0
brilliantly,0
brisk,0
brotherly,0
bullish,0
buoyant,0
cajole,0
calm,0
calming,0
calmness,0
capability,0
capable,0
capably,0
captivate,0
captivating,0
carefree,0
cashback,0
cashbacks,0
catchy,0
celebrate,0
celebrated,0
celebration,0
celebratory,0
champ,0
champion,0
charisma,0
charismatic,0
charitable,0
charm,0
charming,0
charmingly,0
chaste,0
cheaper,0
cheapest,0
cheer,0
cheerful,0
cheery,0
cherish,0
cherished,0
cherub,0
chic,0
chivalrous,0
chivalry,0
civility,0
civilize,0
clarity,0
classic,0
classy,0
clean,0
cleaner,0
cleanest,0
cleanliness,0
cleanly,0
clear,0
clear-cut,0
cleared,0
clearer,0
clearly,0
clears,0
clever,0
cleverly,0
cohere,0
coherence,0
coherent,0
cohesive,0
colorful,0
comely,0
comfort,0
comfortable,0
comfortably,0
comforting,0
comfy,0
commend,0
commendable,0
commendably,0
commitment,0
commodious,0
compact,0
compactly,0
compassion,0
compassionate,0
compatible,0
competitive,0
complement,0
complementary,0
complemented,0
complements,0
compliant,0
compliment,0
complimentary,0
comprehensive,0
conciliate,0
conciliatory,0
concise,0
confidence,0
confident,0
congenial,0
congratulate,0
congratulation,0
congratulations,0
congratulatory,0
conscientious,0
considerate,0
consistent,0
consistently,0
constructive,0
consummate,0
contentment,0
continuity,0
contrasty,0
contribution,0
convenience,0
convenient,0
conveniently,0
convience,0
convienient,0
convient,0
convincing,0
convincingly,0
cool,0
coolest,0
cooperative,0
cooperatively,0
cornerstone,0
correct,0
correctly,0
cost-effective,0
cost-saving,0
counter-attack,0
counter-attacks,0
courage,0
courageous,0
courageously,0
courageousness,0
courteous,0
courtly,0
covenant,0
cozy,0
creative,0
credence,0
credible,0
crisp,0
crisper,0
cure,0
cure-all,0
cushy,0
cute,0
cuteness,0
danke,0
danken,0
daring,0
daringly,0
darling,0
dashing,0
dauntless,0
dawn,0
dazzle,0
dazzled,0
dazzling,0
dead-cheap,0
dead-on,0
decency,0
decent,0
decisive,0
decisiveness,0
dedicated,0
defeat,0
defeated,0
defeating,0
defeats,0
defender,0
deference,0
deft,0
deginified,0
delectable,0
delicacy,0
delicate,0
delicious,0
delight,0
delighted,0
delightful,0
delightfully,0
delightfulness,0
dependable,0
dependably,0
deservedly,0
deserving,0
desirable,0
desiring,0
desirous,0
destiny,0
detachable,0
devout,0
dexterous,0
dexterously,0
dextrous,0
dignified,0
dignify,0
dignity,0
diligence,0
diligent,0
diligently,0
diplomatic,0
dirt-cheap,0
distinction,0
distinctive,0
distinguished,0
diversified,0
divine,0
divinely,0
dominate,0
dominated,0
dominates,0
dote,0
dotingly,0
doubtless,0
dreamland,0
dumbfounded,0
dumbfounding,0
dummy-proof,0
durable,0
dynamic,0
eager,0
eagerly,0
eagerness,0
earnest,0
earnestly,0
earnestness,0
ease,0
eased,0
eases,0
easier,0
easiest,0
easiness,0
easing,0
easy,0
easy-to-use,0
easygoing,0
ebullience,0
ebullient,0
ebulliently,0
ecenomical,0
economical,0
ecstasies,0
ecstasy,0
ecstatic,0
ecstatically,0
edify,0
educated,0
effective,0
effectively,0
effectiveness,0
effectual,0
efficacious,0
efficient,0
efficiently,0
effortless,0
effortlessly,0
effusion,0
effusive,0
effusively,0
effusiveness,0
elan,0
elate,0
elated,0
elatedly,0
elation,0
electrify,0
elegance,0
elegant,0
elegantly,0
elevate,0
elite,0
eloquence,0
eloquent,0
eloquently,0
embolden,0
eminence,0
eminent,0
empathize,0
empathy,0
empower,0
empowerment,0
enchant,0
enchanted,0
enchanting,0
enchantingly,0
encourage,0
encouragement,0
encouraging,0
encouragingly,0
endear,0
endearing,0
endorse,0
endorsed,0
endorsement,0
endorses,0
endorsing,0
energetic,0
energize,0
energy-efficient,0
energy-saving,0
engaging,0
engrossing,0
enhance,0
enhanced,0
enhancement,0
enhances,0
enjoy,0
enjoyable,0
enjoyably,0
enjoyed,0
enjoying,0
enjoyment,0
enjoys,0
enlighten,0
enlightenment,0
enliven,0
ennoble,0
enough,0
enrapt,0
enrapture,0
enraptured,0
enrich,0
enrichment,0
enterprising,0
entertain,0
entertaining,0
entertains,0
enthral,0
enthrall,0
enthralled,0
enthuse,0
enthusiasm,0
enthusiast,0
enthusiastic,0
enthusiastically,0
entice,0
enticed,0
enticing,0
enticingly,0
entranced,0
entrancing,0
entrust,0
enviable,0
enviably,0
envious,0
enviously,0
enviousness,0
envy,0
equitable,0
ergonomical,0
err-free,0
erudite,0
ethical,0
eulogize,0
euphoria,0
euphoric,0
euphorically,0
evaluative,0
evenly,0
eventful,0
everlasting,0
evocative,0
exalt,0
exaltation,0
exalted,0
exaltedly,0
exalting,0
exaltingly,0
examplar,0
examplary,0
excallent,0
exceed,0
exceeded,0
exceeding,0
exceedingly,0
exceeds,0
excel,0
exceled,0
excelent,0
excellant,0
excelled,0
excellence,0
excellency,0
excellent,0
excellently,0
excels,0
exceptional,0
exceptionally,0
excite,0
excited,0
excitedly,0
excitedness,0
excitement,0
excites,0
exciting,0
excitingly,0
exellent,0
exemplar,0
exemplary,0
exhilarate,0
exhilarating,0
exhilaratingly,0
exhilaration,0
exonerate,0
expansive,0
expeditiously,0
expertly,0
exquisite,0
exquisitely,0
extol,0
extoll,0
extraordinarily,0
extraordinary,0
exuberance,0
exuberant,0
exuberantly,0
exult,0
exultant,0
exultation,0
exultingly,0
eye-catch,0
eye-catching,0
eyecatch,0
eyecatching,0
fabulous,0
fabulously,0
facilitate,0
fair,0
fairly,0
fairness,0
faith,0
faithful,0
faithfully,0
faithfulness,0
fame,0
famed,0
famous,0
famously,0
fancier,0
fancinating,0
fancy,0
fanfare,0
fans,0
fantastic,0
fantastically,0
fascinate,0
fascinating,0
fascinatingly,0
fascination,0
fashionable,0
fashionably,0
fast,0
fast-growing,0
fast-paced,0
faster,0
fastest,0
fastest-growing,0
faultless,0
fav,0
fave,0
favor,0
favorable,0
favored,0
favorite,0
favorited,0
favour,0
fearless,0
fearlessly,0
feasible,0
feasibly,0
feat,0
feature-rich,0
fecilitous,0
feisty,0
felicitate,0
felicitous,0
felicity,0
fertile,0
fervent,0
fervently,0
fervid,0
fervidly,0
fervor,0
festive,0
fidelity,0
fiery,0
fine,0
fine-looking,0
finely,0
finer,0
finest,0
firmer,0
first-class,0
first-in-class,0
first-rate,0
flashy,0
flatter,0
flattering,0
flatteringly,0
flawless,0
flawlessly,0
flexibility,0
flexible,0
flourish,0
flourishing,0
fluent,0
flutter,0
fond,0
fondly,0
fondness,0
foolproof,0
foremost,0
foresight,0
formidable,0
fortitude,0
fortuitous,0
fortuitously,0
fortunate,0
fortunately,0
fortune,0
fragrant,0
free,0
freed,0
freedom,0
freedoms,0
fresh,0
fresher,0
freshest,0
friendliness,0
friendly,0
frolic,0
frugal,0
fruitful,0
ftw,0
fulfillment,0
fun,0
futurestic,0
futuristic,0
gaiety,0
gaily,0
gain,0
gained,0
gainful,0
gainfully,0
gaining,0
gains,0
gallant,0
gallantly,0
galore,0
geekier,0
geeky,0
gem,0
gems,0
generosity,0
generous,0
generously,0
genial,0
genius,0
gentle,0
gentlest,0
genuine,0
gifted,0
glad,0
gladden,0
gladly,0
gladness,0
glamorous,0
glee,0
gleeful,0
gleefully,0
glimmer,0
glimmering,0
glisten,0
glistening,0
glitter,0
glitz,0
glorify,0
glorious,0
gloriously,0
glory,0
glow,0
glowing,0
glowingly,0
god-given,0
god-send,0
godlike,0
godsend,0
gold,0
golden,0
good,0
goodly,0
goodness,0
goodwill,0
goood,0
gooood,0
gorgeous,0
gorgeously,0
grace,0
graceful,0
gracefully,0
gracious,0
graciously,0
graciousness,0
grand,0
grandeur,0
grateful,0
gratefully,0
gratification,0
gratified,0
gratifies,0
gratify,0
gratifying,0
gratifyingly,0
gratitude,0
great,0
greatest,0
greatness,0
grin,0
groundbreaking,0
guarantee,0
guidance,0
guiltless,0
gumption,0
gush,0
gusto,0
gutsy,0
hail,0
halcyon,0
hale,0
hallmark,0
hallmarks,0
hallowed,0
handier,0
handily,0
hands-down,0
handsome,0
handsomely,0
handy,0
happier,0
happily,0
happiness,0
happy,0
hard-working,0
hardier,0
hardy,0
harmless,0
harmonious,0
harmoniously,0
harmonize,0
harmony,0
headway,0
heal,0
healthful,0
healthy,0
hearten,0
heartening,0
heartfelt,0
heartily,0
heartwarming,0
heaven,0
heavenly,0
helped,0
helpful,0
helping,0
hero,0
heroic,0
heroically,0
heroine,0
heroize,0
heros,0
high-quality,0
high-spirited,0
hilarious,0
holy,0
homage,0
honest,0
honesty,0
honor,0
honorable,0
honored,0
honoring,0
hooray,0
hopeful,0
hospitable,0
hot,0
hotcake,0
hotcakes,0
hottest,0
hug,0
humane,0
humble,0
humility,0
humor,0
humorous,0
humorously,0
humour,0
humourous,0
ideal,0
idealize,0
ideally,0
idol,0
idolize,0
idolized,0
idyllic,0
illuminate,0
illuminati,0
illuminating,0
illumine,0
illustrious,0
ilu,0
imaculate,0
imaginative,0
immaculate,0
immaculately,0
immense,0
impartial,0
impartiality,0
impartially,0
impassioned,0
impeccable,0
impeccably,0
important,0
impress,0
impressed,0
impresses,0
impressive,0
impressively,0
impressiveness,0
improve,0
improved,0
improvement,0
improvements,0
improves,0
improving,0
incredible,0
incredibly,0
indebted,0
individualized,0
indulgence,0
indulgent,0
industrious,0
inestimable,0
inestimably,0
inexpensive,0
infallibility,0
infallible,0
infallibly,0
influential,0
ingenious,0
ingeniously,0
ingenuity,0
ingenuous,0
ingenuously,0
innocuous,0
innovation,0
innovative,0
inpressed,0
insightful,0
insightfully,0
inspiration,0
inspirational,0
inspire,0
inspiring,0
instantly,0
instructive,0
instrumental,0
integral,0
integrated,0
intelligence,0
intelligent,0
intelligible,0
interesting,0
interests,0
intimacy,0
intimate,0
intricate,0
intrigue,0
intriguing,0
intriguingly,0
intuitive,0
invaluable,0
invaluablely,0
inventive,0
invigorate,0
invigorating,0
invincibility,0
invincible,0
inviolable,0
inviolate,0
invulnerable,0
irreplaceable,0
irreproachable,0
irresistible,0
irresistibly,0
issue-free,0
jaw-droping,0
jaw-dropping,0
jollify,0
jolly,0
jovial,0
joy,0
joyful,0
joyfully,0
joyous,0
joyously,0
jubilant,0
jubilantly,0
jubilate,0
jubilation,0
jubiliant,0
judicious,0
justly,0
keen,0
keenly,0
keenness,0
kid-friendly,0
kindliness,0
kindly,0
kindness,0
knowledgeable,0
kudos,0
large-capacity,0
laud,0
laudable,0
laudably,0
lavish,0
lavishly,0
law-abiding,0
lawful,0
lawfully,0
lead,0
leading,0
leads,0
lean,0
led,0
legendary,0
leverage,0
levity,0
liberate,0
liberation,0
liberty,0
lifesaver,0
light-hearted,0
lighter,0
likable,0
like,0
liked,0
likes,0
liking,0
lionhearted,0
lively,0
logical,0
long-lasting,0
lovable,0
lovably,0
love,0
loved,0
loveliness,0
lovely,0
lover,0
loves,0
loving,0
low-cost,0
low-price,0
low-priced,0
low-risk,0
lower-priced,0
loyal,0
loyalty,0
lucid,0
lucidly,0
luck,0
luckier,0
luckiest,0
luckiness,0
lucky,0
lucrative,0
luminous,0
lush,0
luster,0
lustrous,0
luxuriant,0
luxuriate,0
luxurious,0
luxuriously,0
luxury,0
lyrical,0
magic,0
magical,0
magnanimous,0
magnanimously,0
magnificence,0
magnificent,0
magnificently,0
majestic,0
majesty,0
manageable,0
maneuverable,0
marvel,0
marveled,0
marvelled,0
marvellous,0
marvelous,0
marvelously,0
marvelousness,0
marvels,0
master,0
masterful,0
masterfully,0
masterpiece,0
masterpieces,0
masters,0
mastery,0
matchless,0
mature,0
maturely,0
maturity,0
meaningful,0
memorable,0
merciful,0
mercifully,0
mercy,0
merit,0
meritorious,0
merrily,0
merriment,0
merriness,0
merry,0
mesmerize,0
mesmerized,0
mesmerizes,0
mesmerizing,0
mesmerizingly,0
meticulous,0
meticulously,0
mightily,0
mighty,0
mind-blowing,0
miracle,0
miracles,0
miraculous,0
miraculously,0
miraculousness,0
modern,0
modest,0
modesty,0
momentous,0
monumental,0
monumentally,0
morality,0
motivated,0
multi-purpose,0
navigable,0
neat,0
neatest,0
neatly,0
nice,0
nicely,0
nicer,0
nicest,0
nifty,0
nimble,0
noble,0
nobly,0
noiseless,0
non-violence,0
non-violent,0
notably,0
noteworthy,0
nourish,0
nourishing,0
nourishment,0
novelty,0
nurturing,0
oasis,0
obsession,0
obsessions,0
obtainable,0
openly,0
openness,0
optimal,0
optimism,0
optimistic,0
opulent,0
orderly,0
originality,0
outdo,0
outdone,0
outperform,0
outperformed,0
outperforming,0
outperforms,0
outshine,0
outshone,0
outsmart,0
outstanding,0
outstandingly,0
outstrip,0
outwit,0
ovation,0
overjoyed,0
overtake,0
overtaken,0
overtakes,0
overtaking,0
overtook,0
overture,0
pain-free,0
painless,0
painlessly,0
palatial,0
pamper,0
pampered,0
pamperedly,0
pamperedness,0
pampers,0
panoramic,0
paradise,0
paramount,0
pardon,0
passion,0
passionate,0
passionately,0
patience,0
patient,0
patiently,0
patriot,0
patriotic,0
peace,0
peaceable,0
peaceful,0
peacefully,0
peacekeepers,0
peach,0
peerless,0
pep,0
pepped,0
pepping,0
peppy,0
peps,0
perfect,0
perfection,0
perfectly,0
permissible,0
perseverance,0
persevere,0
personages,0
personalized,0
phenomenal,0
phenomenally,0
picturesque,0
piety,0
pinnacle,0
playful,0
playfully,0
pleasant,0
pleasantly,0
pleased,0
pleases,0
pleasing,0
pleasingly,0
pleasurable,0
pleasurably,0
pleasure,0
plentiful,0
pluses,0
plush,0
plusses,0
poetic,0
poeticize,0
poignant,0
poise,0
poised,0
polished,0
polite,0
politeness,0
popular,0
portable,0
posh,0
positive,0
positively,0
positives,0
powerful,0
powerfully,0
praise,0
praiseworthy,0
praising,0
pre-eminent,0
precious,0
precise,0
precisely,0
preeminent,0
prefer,0
preferable,0
preferably,0
prefered,0
preferes,0
preferring,0
prefers,0
premier,0
prestige,0
prestigious,0
prettily,0
pretty,0
priceless,0
pride,0
principled,0
privilege,0
privileged,0
prize,0
proactive,0
problem-free,0
problem-solver,0
prodigious,0
prodigiously,0
prodigy,0
productive,0
productively,0
proficient,0
proficiently,0
profound,0
profoundly,0
profuse,0
profusion,0
progress,0
progressive,0
prolific,0
prominence,0
prominent,0
promise,0
promised,0
promises,0
promising,0
promoter,0
prompt,0
promptly,0
proper,0
properly,0
propitious,0
propitiously,0
pros,0
prosper,0
prosperity,0
prosperous,0
prospros,0
protect,0
protection,0
protective,0
proud,0
proven,0
proves,0
providence,0
proving,0
prowess,0
prudence,0
prudent,0
prudently,0
punctual,0
pure,0
purify,0
purposeful,0
quaint,0
qualified,0
qualify,0
quicker,0
quiet,0
quieter,0
radiance,0
radiant,0
rapid,0
rapport,0
rapt,0
rapture,0
raptureous,0
raptureously,0
rapturous,0
rapturously,0
rational,0
razor-sharp,0
reachable,0
readable,0
readily,0
ready,0
reaffirm,0
reaffirmation,0
realistic,0
realizable,0
reasonable,0
reasonably,0
reasoned,0
reassurance,0
reassure,0
receptive,0
reclaim,0
recomend,0
recommend,0
recommendation,0
recommendations,0
recommended,0
reconcile,0
reconciliation,0
record-setting,0
recover,0
recovery,0
rectification,0
rectify,0
rectifying,0
redeem,0
redeeming,0
redemption,0
refine,0
refined,0
refinement,0
reform,0
reformed,0
reforming,0
reforms,0
refresh,0
refreshed,0
refreshing,0
refund,0
refunded,0
regal,0
regally,0
regard,0
rejoice,0
rejoicing,0
rejoicingly,0
rejuvenate,0
rejuvenated,0
rejuvenating,0
relaxed,0
relent,0
reliable,0
reliably,0
relief,0
relish,0
remarkable,0
remarkably,0
remedy,0
remission,0
remunerate,0
renaissance,0
renewed,0
renown,0
renowned,0
replaceable,0
reputable,0
reputation,0
resilient,0
resolute,0
resound,0
resounding,0
resourceful,0
resourcefulness,0
respect,0
respectable,0
respectful,0
respectfully,0
respite,0
resplendent,0
responsibly,0
responsive,0
restful,0
restored,0
restructure,0
restructured,0
restructuring,0
retractable,0
revel,0
revelation,0
revere,0
reverence,0
reverent,0
reverently,0
revitalize,0
revival,0
revive,0
revives,0
revolutionary,0
revolutionize,0
revolutionized,0
revolutionizes,0
reward,0
rewarding,0
rewardingly,0
rich,0
richer,0
richly,0
richness,0
right,0
righten,0
righteous,0
righteously,0
righteousness,0
rightful,0
rightfully,0
rightly,0
rightness,0
risk-free,0
robust,0
rock-star,0
rock-stars,0
rockstar,0
rockstars,0
romantic,0
romantically,0
romanticize,0
roomier,0
roomy,0
rosy,0
safe,0
safely,0
sagacity,0
sagely,0
saint,0
saintliness,0
saintly,0
salutary,0
salute,0
sane,0
satisfactorily,0
satisfactory,0
satisfied,0
satisfies,0
satisfy,0
satisfying,0
satisified,0
saver,0
savings,0
savior,0
savvy,0
scenic,0
seamless,0
seasoned,0
secure,0
securely,0
selective,0
self-determination,0
self-respect,0
self-satisfaction,0
self-sufficiency,0
self-sufficient,0
sensation,0
sensational,0
sensationally,0
sensations,0
sensible,0
sensibly,0
sensitive,0
serene,0
serenity,0
sexy,0
sharp,0
sharper,0
sharpest,0
shimmering,0
shimmeringly,0
shine,0
shiny,0
significant,0
silent,0
simpler,0
simplest,0
simplified,0
simplifies,0
simplify,0
simplifying,0
sincere,0
sincerely,0
sincerity,0
skill,0
skilled,0
skillful,0
skillfully,0
slammin,0
sleek,0
slick,0
smart,0
smarter,0
smartest,0
smartly,0
smile,0
smiles,0
smiling,0
smilingly,0
smitten,0
smooth,0
smoother,0
smoothes,0
smoothest,0
smoothly,0
snappy,0
snazzy,0
sociable,0
soft,0
softer,0
solace,0
solicitous,0
solicitously,0
solid,0
solidarity,0
soothe,0
soothingly,0
sophisticated,0
soulful,0
soundly,0
soundness,0
spacious,0
sparkle,0
sparkling,0
spectacular,0
spectacularly,0
speedily,0
speedy,0
spellbind,0
spellbinding,0
spellbindingly,0
spellbound,0
spirited,0
spiritual,0
splendid,0
splendidly,0
splendor,0
spontaneous,0
sporty,0
spotless,0
sprightly,0
stability,0
stabilize,0
stable,0
stainless,0
standout,0
state-of-the-art,0
stately,0
statuesque,0
staunch,0
staunchly,0
staunchness,0
steadfast,0
steadfastly,0
steadfastness,0
steadiest,0
steadiness,0
steady,0
stellar,0
stellarly,0
stimulate,0
stimulates,0
stimulating,0
stimulative,0
stirringly,0
straighten,0
straightforward,0
streamlined,0
striking,0
strikingly,0
striving,0
strong,0
stronger,0
strongest,0
stunned,0
stunning,0
stunningly,0
stupendous,0
stupendously,0
sturdier,0
sturdy,0
stylish,0
stylishly,0
stylized,0
suave,0
suavely,0
sublime,0
subsidize,0
subsidized,0
subsidizes,0
subsidizing,0
substantive,0
succeed,0
succeeded,0
succeeding,0
succeeds,0
succes,0
success,0
successes,0
successful,0
successfully,0
suffice,0
sufficed,0
suffices,0
sufficient,0
sufficiently,0
suitable,0
sumptuous,0
sumptuously,0
sumptuousness,0
super,0
superb,0
superbly,0
superior,0
superiority,0
supple,0
support,0
supported,0
supporter,0
supporting,0
supportive,0
supports,0
supremacy,0
supreme,0
supremely,0
supurb,0
supurbly,0
surmount,0
surpass,0
surreal,0
survival,0
survivor,0
sustainability,0
sustainable,0
swank,0
swankier,0
swankiest,0
swanky,0
sweeping,0
sweet,0
sweeten,0
sweetheart,0
sweetly,0
sweetness,0
swift,0
swiftness,0
talent,0
talented,0
talents,0
tantalize,0
tantalizing,0
tantalizingly,0
tempt,0
tempting,0
temptingly,0
tenacious,0
tenaciously,0
tenacity,0
tender,0
tenderly,0
terrific,0
terrifically,0
thank,0
thankful,0
thinner,0
thoughtful,0
thoughtfully,0
thoughtfulness,0
thrift,0
thrifty,0
thrill,0
thrilled,0
thrilling,0
thrillingly,0
thrills,0
thrive,0
thriving,0
thumb-up,0
thumbs-up,0
tickle,0
tidy,0
time-honored,0
timely,0
tingle,0
titillate,0
titillating,0
titillatingly,0
togetherness,0
tolerable,0
toll-free,0
top,0
top-notch,0
top-quality,0
topnotch,0
tops,0
tough,0
tougher,0
toughest,0
traction,0
tranquil,0
tranquility,0
transparent,0
treasure,0
tremendously,0
trendy,0
triumph,0
triumphal,0
triumphant,0
triumphantly,0
trivially,0
trophy,0
trouble-free,0
trump,0
trumpet,0
trust,0
trusted,0
trusting,0
trustingly,0
trustworthiness,0
trustworthy,0
trusty,0
truthful,0
truthfully,0
truthfulness,0
twinkly,0
ultra-crisp,0
unabashed,0
unabashedly,0
unaffected,0
unassailable,0
unbeatable,0
unbiased,0
unbound,0
uncomplicated,0
unconditional,0
undamaged,0
undaunted,0
understandable,0
undisputable,0
undisputably,0
undisputed,0
unencumbered,0
unequivocal,0
unequivocally,0
unfazed,0
unfettered,0
unforgettable,0
unity,0
unlimited,0
unmatched,0
unparalleled,0
unquestionable,0
unquestionably,0
unreal,0
unrestricted,0
unrivaled,0
unselfish,0
unwavering,0
upbeat,0
upgradable,0
upgradeable,0
upgraded,0
upheld,0
uphold,0
uplift,0
uplifting,0
upliftingly,0
upliftment,0
upscale,0
usable,0
useable,0
useful,0
user-friendly,0
user-replaceable,0
valiant,0
valiantly,0
valor,0
valuable,0
variety,0
venerate,0
verifiable,0
veritable,0
versatile,0
versatility,0
vibrant,0
vibrantly,0
victorious,0
victory,0
viewable,0
vigilance,0
vigilant,0
virtue,0
virtuous,0
virtuously,0
visionary,0
vivacious,0
vivid,0
vouch,0
vouchsafe,0
warm,0
warmer,0
warmhearted,0
warmly,0
warmth,0
wealthy,0
welcome,0
well,0
well-backlit,0
well-balanced,0
well-behaved,0
well-being,0
well-bred,0
well-connected,0
well-educated,0
well-established,0
well-informed,0
well-intentioned,0
well-known,0
well-made,0
well-managed,0
well-mannered,0
well-positioned,0
well-received,0
well-regarded,0
well-rounded,0
well-run,0
well-wishers,0
wellbeing,0
whoa,0
wholeheartedly,0
wholesome,0
whooa,0
whoooa,0
wieldy,0
willing,0
willingly,0
willingness,0
win,0
windfall,0
winnable,0
winner,0
winners,0
winning,0
wins,0
wisdom,0
wise,0
wisely,0
witty,0
won,0
wonder,0
wonderful,0
wonderfully,0
wonderous,0
wonderously,0
wonders,0
wondrous,0
woo,0
work,0
workable,0
worked,0
works,0
world-famous,0
worth,0
worth-while,0
worthiness,0
worthwhile,0
worthy,0
wow,0
wowed,0
wowing,0
wows,0
yay,0
youthful,0
zeal,0
zenith,0
zest,0
zippy,0
the,0
of,0
and,0
to,0
a,0
in,0
for,0
is,0
on,0
that,0
by,0
this,0
with,0
i,0
you,0
it,0
not,0
or,0
be,0
are,0
from,0
at,0
as,0
your,0
all,0
have,0
new,0
more,0
an,0
was,0
we,0
will,0
home,0
can,0
us,0
about,0
if,0
page,0
my,0
has,0
search,0
free,0
but,0
our,0
one,0
other,0
do,0
no,0
information,0
time,0
they,0
site,0
he,0
up,0
may,0
what,0
which,0
their,0
news,0
out,0
use,0
any,0
there,0
see,0
only,0
so,0
his,0
when,0
contact,0
here,0
business,0
who,0
web,0
also,0
now,0
help,0
get,0
pm,0
view,0
online,0
c,0
e,0
first,0
am,0
been,0
would,0
how,0
were,0
me,0
s,0
services,0
some,0
these,0
click,0
its,0
like,0
service,0
x,0
than,0
find,0
price,0
date,0
back,0
top,0
people,0
had,0
list,0
name,0
just,0
over,0
state,0
year,0
day,0
into,0
email,0
two,0
health,0
n,0
world,0
re,0
next,0
used,0
go,0
b,0
work,0
last,0
most,0
products,0
music,0
buy,0
data,0
make,0
them,0
should,0
product,0
system,0
post,0
her,0
city,0
t,0
add,0
policy,0
number,0
such,0
please,0
available,0
copyright,0
support,0
message,0
after,0
best,0
software,0
then,0
jan,0
good,0
video,0
well,0
d,0
where,0
info,0
rights,0
public,0
books,0
high,0
school,0
through,0
m,0
each,0
links,0
she,0
review,0
years,0
order,0
very,0
privacy,0
book,0
items,0
company,0
r,0
read,0
group,0
need,0
many,0
user,0
said,0
de,0
does,0
set,0
under,0
general,0
research,0
university,0
january,0
mail,0
full,0
map,0
reviews,0
program,0
life,0
know,0
games,0
way,0
days,0
management,0
p,0
part,0
could,0
great,0
united,0
hotel,0
real,0
f,0
item,0
international,0
center,0
ebay,0
must,0
store,0
travel,0
comments,0
made,0
development,0
report,0
off,0
member,0
details,0
line,0
terms,0
before,0
hotels,0
did,0
send,0
right,0
type,0
because,0
local,0
those,0
using,0
results,0
office,0
education,0
national,0
car,0
design,0
take,0
posted,0
internet,0
address,0
community,0
within,0
states,0
area,0
want,0
phone,0
dvd,0
shipping,0
reserved,0
subject,0
between,0
forum,0
family,0
l,0
long,0
based,0
w,0
code,0
show,0
o,0
even,0
black,0
check,0
special,0
prices,0
website,0
index,0
being,0
women,0
much,0
sign,0
file,0
link,0
open,0
today,0
technology,0
south,0
case,0
project,0
same,0
pages,0
uk,0
version,0
section,0
own,0
found,0
sports,0
house,0
related,0
security,0
both,0
g,0
county,0
american,0
photo,0
game,0
members,0
power,0
while,0
care,0
network,0
down,0
computer,0
systems,0
three,0
total,0
place,0
end,0
following,0
download,0
h,0
him,0
without,0
per,0
access,0
think,0
north,0
resources,0
current,0
posts,0
big,0
media,0
law,0
control,0
water,0
history,0
pictures,0
size,0
art,0
personal,0
since,0
including,0
guide,0
shop,0
directory,0
board,0
location,0
change,0
white,0
text,0
small,0
rating,0
rate,0
government,0
children,0
during,0
usa,0
return,0
students,0
v,0
shopping,0
account,0
times,0
sites,0
level,0
digital,0
profile,0
previous,0
form,0
events,0
love,0
old,0
john,0
main,0
call,0
hours,0
image,0
department,0
title,0
description,0
non,0
k,0
y,0
insurance,0
another,0
why,0
shall,0
property,0
class,0
cd,0
still,0
money,0
quality,0
every,0
listing,0
content,0
country,0
private,0
little,0
visit,0
save,0
tools,0
low,0
reply,0
customer,0
december,0
compare,0
movies,0
include,0
college,0
value,0
article,0
york,0
man,0
card,0
jobs,0
provide,0
j,0
food,0
source,0
author,0
different,0
press,0
u,0
learn,0
sale,0
around,0
print,0
course,0
job,0
canada,0
process,0
teen,0
room,0
stock,0
training,0
too,0
credit,0
point,0
join,0
science,0
men,0
categories,0
advanced,0
west,0
sales,0
look,0
english,0
left,0
team,0
estate,0
box,0
conditions,0
select,0
windows,0
photos,0
gay,0
thread,0
week,0
category,0
note,0
live,0
large,0
gallery,0
table,0
register,0
however,0
june,0
october,0
november,0
market,0
library,0
really,0
action,0
start,0
series,0
model,0
features,0
air,0
industry,0
plan,0
human,0
provided,0
tv,0
yes,0
required,0
second,0
hot,0
accessories,0
cost,0
movie,0
forums,0
march,0
la,0
september,0
better,0
say,0
questions,0
july,0
yahoo,0
going,0
medical,0
test,0
friend,0
come,0
dec,0
server,0
pc,0
study,0
application,0
cart,0
staff,0
articles,0
san,0
feedback,0
again,0
play,0
looking,0
issues,0
april,0
never,0
users,0
complete,0
street,0
topic,0
comment,0
financial,0
things,0
working,0
against,0
standard,0
tax,0
person,0
below,0
mobile,0
less,0
got,0
blog,0
party,0
payment,0
equipment,0
login,0
student,0
let,0
programs,0
offers,0
legal,0
above,0
recent,0
park,0
stores,0
side,0
act,0
problem,0
red,0
give,0
memory,0
performance,0
social,0
q,0
august,0
quote,0
language,0
story,0
sell,0
options,0
experience,0
rates,0
create,0
key,0
body,0
young,0
america,0
important,0
field,0
few,0
east,0
paper,0
single,0
ii,0
age,0
activities,0
club,0
example,0
girls,0
additional,0
password,0
z,0
latest,0
something,0
road,0
gift,0
question,0
changes,0
night,0
ca,0
hard,0
texas,0
oct,0
pay,0
four,0
poker,0
status,0
browse,0
issue,0
range,0
building,0
seller,0
court,0
february,0
always,0
result,0
audio,0
light,0
write,0
war,0
nov,0
offer,0
blue,0
groups,0
al,0
easy,0
given,0
files,0
event,0
release,0
analysis,0
request,0
fax,0
china,0
making,0
picture,0
needs,0
possible,0
might,0
professional,0
yet,0
month,0
major,0
star,0
areas,0
future,0
space,0
committee,0
hand,0
sun,0
cards,0
problems,0
london,0
washington,0
meeting,0
rss,0
become,0
interest,0
id,0
child,0
keep,0
enter,0
california,0
porn,0
share,0
similar,0
garden,0
schools,0
million,0
added,0
reference,0
companies,0
listed,0
baby,0
learning,0
energy,0
run,0
delivery,0
net,0
popular,0
term,0
film,0
stories,0
put,0
computers,0
journal,0
reports,0
co,0
try,0
welcome,0
central,0
images,0
president,0
notice,0
god,0
original,0
head,0
radio,0
until,0
cell,0
color,0
self,0
council,0
away,0
includes,0
track,0
australia,0
discussion,0
archive,0
once,0
others,0
entertainment,0
agreement,0
format,0
least,0
society,0
months,0
log,0
safety,0
friends,0
sure,0
faq,0
trade,0
edition,0
cars,0
messages,0
marketing,0
tell,0
further,0
updated,0
association,0
able,0
having,0
provides,0
david,0
fun,0
already,0
green,0
studies,0
close,0
common,0
drive,0
specific,0
several,0
gold,0
feb,0
living,0
sep,0
collection,0
called,0
short,0
arts,0
lot,0
ask,0
display,0
limited,0
powered,0
solutions,0
means,0
director,0
daily,0
beach,0
past,0
natural,0
whether,0
due,0
et,0
electronics,0
five,0
upon,0
period,0
planning,0
database,0
says,0
official,0
weather,0
mar,0
land,0
average,0
done,0
technical,0
window,0
france,0
pro,0
region,0
island,0
record,0
direct,0
microsoft,0
conference,0
environment,0
records,0
st,0
district,0
calendar,0
costs,0
style,0
url,0
front,0
statement,0
update,0
parts,0
aug,0
ever,0
downloads,0
early,0
miles,0
sound,0
resource,0
present,0
applications,0
either,0
ago,0
document,0
word,0
works,0
material,0
bill,0
apr,0
written,0
talk,0
federal,0
hosting,0
rules,0
final,0
adult,0
tickets,0
thing,0
centre,0
requirements,0
via,0
cheap,0
nude,0
kids,0
finance,0
TRUE,0
minutes,0
else,0
mark,0
third,0
rock,0
gifts,0
europe,0
reading,0
topics,0
bad,0
individual,0
tips,0
plus,0
auto,0
cover,0
usually,0
edit,0
together,0
videos,0
percent,0
fast,0
function,0
fact,0
unit,0
getting,0
global,0
tech,0
meet,0
far,0
economic,0
en,0
player,0
projects,0
lyrics,0
often,0
subscribe,0
submit,0
germany,0
amount,0
watch,0
included,0
feel,0
though,0
bank,0
risk,0
thanks,0
everything,0
deals,0
various,0
words,0
linux,0
jul,0
production,0
commercial,0
james,0
weight,0
town,0
heart,0
advertising,0
received,0
choose,0
treatment,0
newsletter,0
archives,0
points,0
knowledge,0
magazine,0
error,0
camera,0
jun,0
girl,0
currently,0
construction,0
toys,0
registered,0
clear,0
golf,0
receive,0
domain,0
methods,0
chapter,0
makes,0
protection,0
policies,0
loan,0
wide,0
beauty,0
manager,0
india,0
position,0
taken,0
sort,0
listings,0
models,0
michael,0
known,0
half,0
cases,0
step,0
engineering,0
florida,0
simple,0
quick,0
none,0
wireless,0
license,0
paul,0
friday,0
lake,0
whole,0
annual,0
published,0
later,0
basic,0
sony,0
shows,0
corporate,0
google,0
church,0
method,0
purchase,0
customers,0
active,0
response,0
practice,0
hardware,0
figure,0
materials,0
fire,0
holiday,0
chat,0
enough,0
designed,0
along,0
among,0
death,0
writing,0
speed,0
html,0
countries,0
loss,0
face,0
brand,0
discount,0
higher,0
effects,0
created,0
remember,0
standards,0
oil,0
bit,0
yellow,0
political,0
increase,0
advertise,0
kingdom,0
base,0
near,0
environmental,0
thought,0
stuff,0
french,0
storage,0
oh,0
japan,0
doing,0
loans,0
shoes,0
entry,0
stay,0
nature,0
orders,0
availability,0
africa,0
summary,0
turn,0
mean,0
growth,0
notes,0
agency,0
king,0
monday,0
european,0
activity,0
copy,0
although,0
drug,0
pics,0
western,0
income,0
force,0
cash,0
employment,0
overall,0
bay,0
river,0
commission,0
ad,0
package,0
contents,0
seen,0
players,0
engine,0
port,0
album,0
regional,0
stop,0
supplies,0
started,0
administration,0
bar,0
institute,0
views,0
plans,0
double,0
dog,0
build,0
screen,0
exchange,0
types,0
soon,0
sponsored,0
lines,0
electronic,0
continue,0
across,0
benefits,0
needed,0
season,0
apply,0
someone,0
held,0
ny,0
anything,0
printer,0
condition,0
effective,0
believe,0
organization,0
effect,0
asked,0
eur,0
mind,0
sunday,0
selection,0
casino,0
pdf,0
lost,0
tour,0
menu,0
volume,0
cross,0
anyone,0
mortgage,0
hope,0
silver,0
corporation,0
wish,0
inside,0
solution,0
mature,0
role,0
rather,0
weeks,0
addition,0
came,0
supply,0
nothing,0
certain,0
usr,0
executive,0
running,0
lower,0
necessary,0
union,0
jewelry,0
according,0
dc,0
clothing,0
mon,0
com,0
particular,0
fine,0
names,0
robert,0
homepage,0
hour,0
gas,0
skills,0
six,0
bush,0
islands,0
advice,0
career,0
military,0
rental,0
decision,0
leave,0
british,0
teens,0
pre,0
huge,0
sat,0
woman,0
facilities,0
zip,0
bid,0
kind,0
sellers,0
middle,0
move,0
cable,0
opportunities,0
taking,0
values,0
division,0
coming,0
tuesday,0
object,0
lesbian,0
appropriate,0
machine,0
logo,0
length,0
actually,0
nice,0
score,0
statistics,0
client,0
ok,0
returns,0
capital,0
follow,0
sample,0
investment,0
sent,0
shown,0
saturday,0
christmas,0
england,0
culture,0
band,0
flash,0
ms,0
lead,0
george,0
choice,0
went,0
starting,0
registration,0
fri,0
thursday,0
courses,0
consumer,0
hi,0
airport,0
foreign,0
artist,0
outside,0
furniture,0
levels,0
channel,0
letter,0
mode,0
phones,0
ideas,0
wednesday,0
structure,0
fund,0
summer,0
allow,0
degree,0
contract,0
button,0
releases,0
wed,0
homes,0
super,0
male,0
matter,0
custom,0
virginia,0
almost,0
took,0
located,0
multiple,0
asian,0
distribution,0
editor,0
inn,0
industrial,0
cause,0
potential,0
song,0
cnet,0
ltd,0
los,0
hp,0
focus,0
late,0
fall,0
featured,0
idea,0
rooms,0
female,0
responsible,0
inc,0
communications,0
win,0
associated,0
thomas,0
primary,0
cancer,0
numbers,0
reason,0
tool,0
browser,0
spring,0
foundation,0
answer,0
voice,0
eg,0
friendly,0
schedule,0
documents,0
communication,0
purpose,0
feature,0
bed,0
comes,0
police,0
everyone,0
independent,0
ip,0
approach,0
cameras,0
brown,0
physical,0
operating,0
hill,0
maps,0
medicine,0
deal,0
hold,0
ratings,0
chicago,0
forms,0
glass,0
happy,0
tue,0
smith,0
wanted,0
developed,0
thank,0
safe,0
unique,0
survey,0
prior,0
telephone,0
sport,0
ready,0
feed,0
animal,0
sources,0
mexico,0
population,0
pa,0
regular,0
secure,0
navigation,0
operations,0
therefore,0
ass,0
simply,0
evidence,0
station,0
christian,0
round,0
paypal,0
favorite,0
understand,0
option,0
master,0
valley,0
recently,0
probably,0
thu,0
rentals,0
sea,0
built,0
publications,0
blood,0
cut,0
worldwide,0
improve,0
connection,0
publisher,0
hall,0
larger,0
anti,0
networks,0
earth,0
parents,0
nokia,0
impact,0
transfer,0
introduction,0
kitchen,0
strong,0
tel,0
carolina,0
wedding,0
properties,0
hospital,0
ground,0
overview,0
ship,0
accommodation,0
owners,0
disease,0
tx,0
excellent,0
paid,0
italy,0
perfect,0
hair,0
opportunity,0
kit,0
classic,0
basis,0
command,0
cities,0
william,0
express,0
anal,0
award,0
distance,0
tree,0
peter,0
assessment,0
ensure,0
thus,0
wall,0
ie,0
involved,0
el,0
extra,0
especially,0
interface,0
pussy,0
partners,0
budget,0
rated,0
guides,0
success,0
maximum,0
ma,0
operation,0
existing,0
quite,0
selected,0
boy,0
amazon,0
patients,0
restaurants,0
beautiful,0
warning,0
wine,0
locations,0
horse,0
vote,0
forward,0
flowers,0
stars,0
significant,0
lists,0
technologies,0
owner,0
retail,0
animals,0
useful,0
directly,0
manufacturer,0
ways,0
est,0
son,0
providing,0
rule,0
mac,0
housing,0
takes,0
iii,0
gmt,0
bring,0
catalog,0
searches,0
max,0
trying,0
mother,0
authority,0
considered,0
told,0
xml,0
traffic,0
programme,0
joined,0
input,0
strategy,0
feet,0
agent,0
valid,0
bin,0
modern,0
senior,0
ireland,0
y,0
teaching,0
door,0
grand,0
testing,0
trial,0
charge,0
units,0
instead,0
canadian,0
cool,0
normal,0
wrote,0
enterprise,0
ships,0
entire,0
educational,0
md,0
leading,0
metal,0
positive,0
fl,0
fitness,0
chinese,0
opinion,0
mb,0
asia,0
football,0
abstract,0
uses,0
output,0
funds,0
mr,0
greater,0
likely,0
develop,0
employees,0
artists,0
alternative,0
processing,0
responsibility,0
resolution,0
java,0
guest,0
seems,0
publication,0
pass,0
relations,0
trust,0
van,0
contains,0
session,0
multi,0
photography,0
republic,0
fees,0
components,0
vacation,0
century,0
academic,0
assistance,0
completed,0
skin,0
graphics,0
indian,0
prev,0
ads,0
mary,0
il,0
expected,0
ring,0
grade,0
dating,0
pacific,0
mountain,0
organizations,0
pop,0
filter,0
mailing,0
vehicle,0
longer,0
consider,0
int,0
northern,0
behind,0
panel,0
floor,0
german,0
buying,0
match,0
proposed,0
default,0
require,0
iraq,0
boys,0
outdoor,0
deep,0
morning,0
otherwise,0
allows,0
rest,0
protein,0
plant,0
reported,0
hit,0
transportation,0
mm,0
pool,0
mini,0
politics,0
partner,0
disclaimer,0
authors,0
boards,0
faculty,0
parties,0
fish,0
membership,0
mission,0
eye,0
string,0
sense,0
modified,0
pack,0
released,0
stage,0
internal,0
goods,0
recommended,0
born,0
unless,0
richard,0
detailed,0
japanese,0
race,0
approved,0
background,0
target,0
except,0
character,0
usb,0
maintenance,0
ability,0
maybe,0
functions,0
ed,0
moving,0
brands,0
places,0
php,0
pretty,0
trademarks,0
phentermine,0
spain,0
southern,0
yourself,0
etc,0
winter,0
rape,0
battery,0
youth,0
pressure,0
submitted,0
boston,0
incest,0
debt,0
keywords,0
medium,0
television,0
interested,0
core,0
break,0
purposes,0
throughout,0
sets,0
dance,0
wood,0
msn,0
itself,0
defined,0
papers,0
playing,0
awards,0
fee,0
studio,0
reader,0
virtual,0
device,0
established,0
answers,0
rent,0
las,0
remote,0
dark,0
programming,0
external,0
apple,0
le,0
regarding,0
instructions,0
min,0
offered,0
theory,0
enjoy,0
remove,0
aid,0
surface,0
minimum,0
visual,0
host,0
variety,0
teachers,0
isbn,0
martin,0
manual,0
block,0
subjects,0
agents,0
increased,0
repair,0
fair,0
civil,0
steel,0
understanding,0
songs,0
fixed,0
wrong,0
beginning,0
hands,0
associates,0
finally,0
az,0
updates,0
desktop,0
classes,0
paris,0
ohio,0
gets,0
sector,0
capacity,0
requires,0
jersey,0
un,0
fat,0
fully,0
father,0
electric,0
saw,0
instruments,0
quotes,0
officer,0
driver,0
businesses,0
dead,0
respect,0
unknown,0
specified,0
restaurant,0
mike,0
trip,0
pst,0
worth,0
mi,0
procedures,0
poor,0
teacher,0
xxx,0
eyes,0
relationship,0
workers,0
farm,0
fucking,0
georgia,0
peace,0
traditional,0
campus,0
tom,0
showing,0
creative,0
coast,0
benefit,0
progress,0
funding,0
devices,0
lord,0
grant,0
sub,0
agree,0
fiction,0
hear,0
sometimes,0
watches,0
careers,0
beyond,0
goes,0
families,0
led,0
museum,0
themselves,0
fan,0
transport,0
interesting,0
blogs,0
wife,0
evaluation,0
accepted,0
former,0
implementation,0
ten,0
hits,0
zone,0
complex,0
th,0
cat,0
galleries,0
references,0
die,0
presented,0
jack,0
flat,0
flow,0
agencies,0
literature,0
respective,0
parent,0
spanish,0
michigan,0
columbia,0
setting,0
dr,0
scale,0
stand,0
economy,0
highest,0
helpful,0
monthly,0
critical,0
frame,0
musical,0
definition,0
secretary,0
angeles,0
networking,0
path,0
australian,0
employee,0
chief,0
gives,0
kb,0
bottom,0
magazines,0
packages,0
detail,0
francisco,0
laws,0
changed,0
pet,0
heard,0
begin,0
individuals,0
colorado,0
royal,0
clean,0
switch,0
russian,0
largest,0
african,0
guy,0
titles,0
relevant,0
guidelines,0
justice,0
connect,0
bible,0
dev,0
cup,0
basket,0
applied,0
weekly,0
vol,0
installation,0
described,0
demand,0
pp,0
suite,0
vegas,0
na,0
square,0
chris,0
attention,0
advance,0
skip,0
diet,0
army,0
auction,0
gear,0
lee,0
os,0
difference,0
allowed,0
correct,0
charles,0
nation,0
selling,0
lots,0
piece,0
sheet,0
firm,0
seven,0
older,0
illinois,0
regulations,0
elements,0
species,0
jump,0
cells,0
module,0
resort,0
facility,0
random,0
pricing,0
dvds,0
certificate,0
minister,0
motion,0
looks,0
fashion,0
directions,0
visitors,0
documentation,0
monitor,0
trading,0
forest,0
calls,0
whose,0
coverage,0
couple,0
giving,0
chance,0
vision,0
ball,0
ending,0
clients,0
actions,0
listen,0
discuss,0
accept,0
automotive,0
naked,0
goal,0
successful,0
sold,0
wind,0
communities,0
clinical,0
situation,0
sciences,0
markets,0
lowest,0
highly,0
publishing,0
appear,0
emergency,0
developing,0
lives,0
currency,0
leather,0
determine,0
milf,0
temperature,0
palm,0
announcements,0
patient,0
actual,0
historical,0
stone,0
bob,0
commerce,0
ringtones,0
perhaps,0
persons,0
difficult,0
scientific,0
satellite,0
fit,0
tests,0
village,0
accounts,0
amateur,0
ex,0
met,0
pain,0
xbox,0
particularly,0
factors,0
coffee,0
www,0
settings,0
cum,0
buyer,0
cultural,0
steve,0
easily,0
oral,0
ford,0
poster,0
edge,0
functional,0
root,0
au,0
fi,0
closed,0
holidays,0
ice,0
pink,0
zealand,0
balance,0
monitoring,0
graduate,0
replies,0
shot,0
nc,0
architecture,0
initial,0
label,0
thinking,0
scott,0
llc,0
sec,0
recommend,0
canon,0
hardcore,0
league,0
waste,0
minute,0
bus,0
provider,0
optional,0
dictionary,0
cold,0
accounting,0
manufacturing,0
sections,0
chair,0
fishing,0
effort,0
phase,0
fields,0
bag,0
fantasy,0
po,0
letters,0
motor,0
va,0
professor,0
context,0
install,0
shirt,0
apparel,0
generally,0
continued,0
foot,0
mass,0
crime,0
count,0
breast,0
techniques,0
ibm,0
rd,0
johnson,0
sc,0
quickly,0
dollars,0
websites,0
religion,0
claim,0
driving,0
permission,0
surgery,0
patch,0
heat,0
wild,0
measures,0
generation,0
kansas,0
miss,0
chemical,0
doctor,0
task,0
reduce,0
brought,0
himself,0
nor,0
component,0
enable,0
exercise,0
bug,0
santa,0
mid,0
guarantee,0
leader,0
diamond,0
israel,0
se,0
processes,0
soft,0
servers,0
alone,0
meetings,0
seconds,0
jones,0
arizona,0
keyword,0
interests,0
flight,0
congress,0
fuel,0
username,0
walk,0
fuck,0
produced,0
italian,0
paperback,0
classifieds,0
wait,0
supported,0
pocket,0
saint,0
rose,0
freedom,0
argument,0
competition,0
creating,0
jim,0
drugs,0
joint,0
premium,0
providers,0
fresh,0
characters,0
attorney,0
upgrade,0
di,0
factor,0
growing,0
thousands,0
km,0
stream,0
apartments,0
pick,0
hearing,0
eastern,0
auctions,0
therapy,0
entries,0
dates,0
generated,0
signed,0
upper,0
administrative,0
serious,0
prime,0
samsung,0
limit,0
began,0
louis,0
steps,0
errors,0
shops,0
bondage,0
del,0
efforts,0
informed,0
ga,0
ac,0
thoughts,0
creek,0
ft,0
worked,0
quantity,0
urban,0
practices,0
sorted,0
reporting,0
essential,0
myself,0
tours,0
platform,0
load,0
affiliate,0
labor,0
immediately,0
admin,0
nursing,0
defense,0
machines,0
designated,0
tags,0
heavy,0
covered,0
recovery,0
joe,0
guys,0
integrated,0
configuration,0
cock,0
merchant,0
comprehensive,0
expert,0
universal,0
protect,0
drop,0
solid,0
cds,0
presentation,0
languages,0
became,0
orange,0
compliance,0
vehicles,0
prevent,0
theme,0
rich,0
im,0
campaign,0
marine,0
improvement,0
vs,0
guitar,0
finding,0
pennsylvania,0
examples,0
ipod,0
saying,0
spirit,0
ar,0
claims,0
porno,0
challenge,0
motorola,0
acceptance,0
strategies,0
mo,0
seem,0
affairs,0
touch,0
intended,0
towards,0
sa,0
goals,0
hire,0
election,0
suggest,0
branch,0
charges,0
serve,0
affiliates,0
reasons,0
magic,0
mount,0
smart,0
talking,0
gave,0
ones,0
latin,0
multimedia,0
xp,0
tits,0
avoid,0
certified,0
manage,0
corner,0
rank,0
computing,0
oregon,0
element,0
birth,0
virus,0
abuse,0
interactive,0
requests,0
separate,0
quarter,0
procedure,0
leadership,0
tables,0
define,0
racing,0
religious,0
facts,0
breakfast,0
kong,0
column,0
plants,0
faith,0
chain,0
developer,0
identify,0
avenue,0
missing,0
died,0
approximately,0
domestic,0
sitemap,0
recommendations,0
moved,0
houston,0
reach,0
comparison,0
mental,0
viewed,0
moment,0
extended,0
sequence,0
inch,0
attack,0
sorry,0
centers,0
opening,0
damage,0
lab,0
reserve,0
recipes,0
cvs,0
gamma,0
plastic,0
produce,0
snow,0
placed,0
truth,0
counter,0
failure,0
follows,0
eu,0
weekend,0
dollar,0
camp,0
ontario,0
automatically,0
des,0
minnesota,0
films,0
bridge,0
native,0
fill,0
williams,0
movement,0
printing,0
baseball,0
owned,0
approval,0
draft,0
chart,0
played,0
contacts,0
cc,0
jesus,0
readers,0
clubs,0
lcd,0
wa,0
jackson,0
equal,0
adventure,0
matching,0
offering,0
shirts,0
profit,0
leaders,0
posters,0
institutions,0
assistant,0
variable,0
ave,0
dj,0
advertisement,0
expect,0
parking,0
headlines,0
yesterday,0
compared,0
determined,0
wholesale,0
workshop,0
russia,0
gone,0
codes,0
kinds,0
extension,0
seattle,0
statements,0
golden,0
completely,0
teams,0
fort,0
cm,0
wi,0
lighting,0
senate,0
forces,0
funny,0
brother,0
gene,0
turned,0
portable,0
tried,0
electrical,0
applicable,0
disc,0
returned,0
pattern,0
ct,0
hentai,0
boat,0
named,0
theatre,0
laser,0
earlier,0
manufacturers,0
sponsor,0
classical,0
icon,0
warranty,0
dedicated,0
indiana,0
direction,0
harry,0
basketball,0
objects,0
ends,0
delete,0
evening,0
assembly,0
nuclear,0
taxes,0
mouse,0
signal,0
criminal,0
issued,0
brain,0
ual,0
wisconsin,0
powerful,0
dream,0
obtained,0
FALSE,0
da,0
cast,0
flower,0
felt,0
personnel,0
passed,0
supplied,0
identified,0
falls,0
pic,0
soul,0
aids,0
opinions,0
promote,0
stated,0
stats,0
hawaii,0
professionals,0
appears,0
carry,0
flag,0
decided,0
nj,0
covers,0
hr,0
em,0
advantage,0
hello,0
designs,0
maintain,0
tourism,0
priority,0
newsletters,0
adults,0
clips,0
savings,0
iv,0
graphic,0
atom,0
payments,0
rw,0
estimated,0
binding,0
brief,0
ended,0
winning,0
eight,0
anonymous,0
iron,0
straight,0
script,0
served,0
wants,0
miscellaneous,0
prepared,0
void,0
dining,0
alert,0
integration,0
atlanta,0
dakota,0
tag,0
interview,0
mix,0
framework,0
disk,0
installed,0
queen,0
vhs,0
credits,0
clearly,0
fix,0
handle,0
sweet,0
desk,0
criteria,0
pubmed,0
dave,0
massachusetts,0
diego,0
hong,0
vice,0
associate,0
ne,0
truck,0
behavior,0
enlarge,0
ray,0
frequently,0
revenue,0
measure,0
changing,0
votes,0
du,0
duty,0
looked,0
discussions,0
bear,0
gain,0
festival,0
laboratory,0
ocean,0
flights,0
experts,0
signs,0
lack,0
depth,0
iowa,0
whatever,0
logged,0
laptop,0
vintage,0
train,0
exactly,0
dry,0
explore,0
maryland,0
spa,0
concept,0
nearly,0
eligible,0
checkout,0
reality,0
forgot,0
handling,0
origin,0
knew,0
gaming,0
feeds,0
billion,0
destination,0
scotland,0
faster,0
intelligence,0
dallas,0
bought,0
con,0
ups,0
nations,0
route,0
followed,0
specifications,0
broken,0
tripadvisor,0
frank,0
alaska,0
zoom,0
blow,0
battle,0
residential,0
anime,0
speak,0
decisions,0
industries,0
protocol,0
query,0
clip,0
partnership,0
editorial,0
nt,0
expression,0
es,0
equity,0
provisions,0
speech,0
wire,0
principles,0
suggestions,0
rural,0
shared,0
sounds,0
replacement,0
tape,0
strategic,0
judge,0
spam,0
economics,0
acid,0
bytes,0
cent,0
forced,0
compatible,0
fight,0
apartment,0
height,0
